,x
5,"West Plains, MO"
6,"Florida, USA"
7,"Elmwood Park, NJ"
8,Riozada
9,Sarasota and Boston
10,"New Iberia, LA"
13,"New York, NY"
14,Colorado
15,United States
16,"Albuquerque, NM"
17,United States Of America
18,"Narberth, PA"
19,Dark rayBURG
20,"Minnesota, USA"
21,"Miami, FL"
22,Green house on Baltic Ave
23,Jamaica
24,"Atlanta, GA"
25,"New Jersey, USA"
26,"San Jose, CA"
27,"Rio de Janeiro, Brazil"
28,"UAlberta, Edmonton, AB"
29,Brooklyn
30,Bulgaria
31,"Chicago, IL"
32,"West Des Moines, IA"
33,"Indiana, USA"
34,"Long Beach, CA"
35,"Dallas, TX"
36,Texas... and points beyond...
37,"Rio de Janeiro, Brasil"
38,"New York, NY"
39,Rio de Janeiro
40,"New York, USA"
41,"Dimera Mansion, Salem USA"
42,"Rio de Janeiro, Brazil"
43,"Oslo, Norway"
44,Dominican Republic
45,JUICE COUNTYYY
46,Dominican Republic
47,"Dallas, TX"
48,Siempre al alcance de tu mano
49,"Brussels, Belgium"
50,"El Paso, TX"
51,"Snellville, GA"
52,"Acworth, GA"
53,"Oconee County, GA"
54,"Mableton, GA"
55,"Marietta, GA"
56,"Monroe, GA"
57,"Jeddah, Medina"
58,"Texas, USA"
59,"Deadwood, SD"
60,"New Jersey, USA"
61,Southwest Florida
62,"Willow Grove, PA"
63,"Aston, Pennsylvania"
64,"Nashville, TN"
65,"Honolulu, Hawaii"
66,Bottom of A Wine Glass
67,"Tennessee, USA"
70,"Los Angeles, CA"
71,"Oslo, Norway"
73,"Ohio, USA"
74,idaho
75,Malakistan..or nearby
76,"Washington, USA"
77,"California, USA"
78,Outer Space
79,Sydney
80,"Tucson, AZ"
81,CA
82,Central and Northern Michigan
83,Bangalore
84,"Philadelphia, PA"
85,"Trussville, Alabama"
86,"Labrador City, NL"
87,Florida
88,"Farmers Branch, Texas"
90,United States
91,"Marble Falls, TX"
92,"Classic Country Music, PA."
93,Burnsville mn
94,"Near West Side, Chicago"
95,"Lawrence, KS "
96,Dallas Flexas
97,"Englewood, FL"
98,central coast
99,"Los Angeles, CA"
100,Bryant Arkansas
101,Upstate New York
102,"Minas Gerais, Brazil"
103,San Francisco Bay Area
104,Louisiana
105,"New Jersey, USA"
106,Central New Jersey
107,"Holly Springs, GA"
108,"Suwanee, GA (Atlanta metro)"
109,"Waterford, CT"
110,South Hull Solopsist Synagogue
111,"Winder, GA"
112,"Druid Hills, GA"
113,"Brookhaven, GA"
114,"Athens, GA"
115,"Duluth, GA"
116,"East Cobb, GA"
117,"Cascade, GA"
118,"Buford, GA"
119,"Cobb County, Ga."
120,"Dunwoody, GA"
121,"Houston, TX"
122,Korean Catholic School
123,"Hermosa Beach, CA"
124,Harvard of the west
125,Los Angeles California
126,Swindon
127,vix
128,Beach
129,"Florida, USA"
130,Cardiff
131,cryinG
132,"Michigan, USA"
133,Greensboro/Winston-Salem NC
134,"Spartanburg, SC"
135,PNW
136,"St. Louis, Missouri"
137,Porto Alegre
139,"S.F. Bay Area, CA, USA..."
140,Minnesota
141,"Mobile, Alabama"
143,glasgow
144,"San Jose, CA"
145,USA
146,"San Antonio, TX"
149,"Miami, FL"
150,Georgia
151,"Evansville, IN"
152,In my head
153,Madrid
154,"Durham, NC"
155,"Atlanta, Ga "
156,Meowville
157,"Pelotas, Rio Grande do Sul"
158,"Grand Rapids, Michigan"
159,United States
160,"Pismo Beach, CA"
161,New York
162,"Mimoso do Sul, Brasil"
164,"Springfield, IL"
165,"Bay Area, California"
166,"Atlanta, GA"
167,Jonesboro louisiana
168,California
169,"Houston,Tx"
170,Kenta's warmth
171,Wales
172,"Pennsylvania, USA"
173,"Panama City, Florida"
174,New York
175,"Kennesaw, GA"
176,"Stone Mountain, GA"
177,"Los Angeles, CA"
178,"Indiana, USA"
179,"Vermont, USA"
180,"Pacific Grove, CA"
181,Surabaya
182,Ebbw Vale / Cardiff
183,"Lake Norman, NC"
184,"Huntersville, NC"
185,"Florida, USA"
187,Rio de Janeiro - Brasil
188,"Cavite, Ph."
189,Ohio
190,Kuwait
192,"Atlanta, Georgia"
193,"Rio de Janeiro, Brasil"
194,West Texas
195,North Carolina
196,Dove's position: Los Angeles
197,"Post Falls, ID"
198,"Atlanta, GA"
199,"San Francisco, CA"
200,"Washington, USA"
201,"Livingston--Knoxville, TN "
202,Dayton Ohio
203,Queen City born
204,south Texas
206,"Eau Claire, WI"
207,"Sacramento, CA"
208,New York City
209,"Simply, Just Here"
210,Na sua rs
211,"Gainesville, Fl"
212,"Little Rock, AR"
213,"Cordovil, Rio de Janeiro"
214,"Indiana, USA"
216,Maryland USA
217,"Henderson, NV"
218,New York
219,"Marietta, GA"
220,Rio
221,"Kansas City, MO"
222,Everywhere
223,The innernets
224,Bro
225,"Portland, OR"
226,NJ
228,"New York, USA"
229,prolly at kidd coffee
230,California
231,"Salem, Oregon"
232,"South Bend, IN"
233,Los Angeles
234,"West Plains, MO"
235,"Florida, USA"
236,"Elmwood Park, NJ"
237,Riozada
238,Sarasota and Boston
239,"New Iberia, LA"
242,"New York, NY"
243,Colorado
244,United States
245,"Albuquerque, NM"
246,United States Of America
247,"Narberth, PA"
248,Dark rayBURG
249,"Minnesota, USA"
250,"Miami, FL"
251,Green house on Baltic Ave
252,California
253,"Salem, Oregon"
254,"South Bend, IN"
255,Los Angeles
256,"West Plains, MO"
257,"Florida, USA"
258,"Elmwood Park, NJ"
259,Riozada
260,Sarasota and Boston
261,"New Iberia, LA"
264,"New York, NY"
265,Colorado
266,United States
267,"Albuquerque, NM"
268,United States Of America
269,"Narberth, PA"
270,Dark rayBURG
271,"Minnesota, USA"
272,"Miami, FL"
273,Green house on Baltic Ave
274,Jamaica
275,"Atlanta, GA"
276,"New Jersey, USA"
277,"San Jose, CA"
278,"Rio de Janeiro, Brazil"
279,"UAlberta, Edmonton, AB"
280,Brooklyn
281,Bulgaria
282,"Chicago, IL"
283,"West Des Moines, IA"
284,"Indiana, USA"
285,"Long Beach, CA"
286,"Dallas, TX"
288,Bangu - RJ
289,"Connecticut, USA"
290,"Home, NJ"
291,"Boston, Massachusetts USA"
292,"Jupiter, FL"
293,"Jupiter, FL"
294,"Horseheads, NY"
295,"New York, USA"
296,"Humble, TX"
297,"Dom Basílio, Brasil"
298,"Aberaeron, Wales"
299,"Broken Arrow, OK"
300,"Boyertown, Pa"
301,"Washington, DC"
302,USA
303,"Sioux Falls, SD"
304,"Athens, GA"
305,Mystic Falls
306,"Ohio, USA"
307,"Honolulu, Hawaii"
308,en mi casa... :v
309,Universe
310,National City
311,"Syracuse, NY"
312,"Kenosha, Wi"
313,"Honolulu, HI"
316,"Little Rock, AR"
317,"Little Rock, AR"
318,"Newburyport,MA"
319,Ohio
320,"Missouri, USA"
321,"Boston, MA"
322,"Jacksonville, FL"
323,Basingstoke
324,"Memphis, TN"
325,"Illinois, USA"
328,"Centro, Rio de Janeiro"
329,"Diadema, Brasil"
330,"Salt Lake City, UT"
331,Somewhere
332,Las Vegas
333,"bay area, ca"
334,"Huntington, WV"
335,Ranveer's Kingdom
336,"Lawrence, KS"
337,"Auckland, New Zealand"
338,just gone to buy milk
339,Texas
340,Michigan USA
341,"Van Wert, OH"
342,"Houston, TX"
343,they're humans before idols
347,Rio de Janeiro
348,"College Station, TX"
349,México
350,pending
351,Minneapolis
352,MN
355,"Dallas, Tx"
357,houston
358,"Georgia, USA"
359,Having a Gin & Laughing ..
360,"Portland, OR"
361,"Annapolis, MD"
362,"Oakland, California"
364,"Botafogo, Rio de Janeiro"
365,Brasil-- Rj
366,Earth
367,Florida
368,"Birmingham, AL"
369,"Los Angeles, CA"
371,Rio de Janeiro
372,"don't know, wasn't there"
373,"Las Vegas, Nevada"
374,Narnia
375,"Las Vegas, Nevada"
376,"Doncaster, South Yorkshire"
377,Buenos Aires
378,"Boalsburg, Pennsylvania, USA"
379,"Jackson, MS"
380,"Annapolis, MD"
381,"Jackson, MS"
382,Rosário-ma
383,Rio de Janeiro
386,"Rio de Janeiro, Brasil"
387,Rio de Janeiro
388,"Los Angeles, CA"
389,Belgium
390,"Washington, USA"
391,"Thot Town , New York "
392,"Chicago, IL"
393,"Portland, OR"
394,"Rio de Janeiro, Brazil"
395,"Petrópolis, Brasil"
396,Los Cabos
397,"NoDa, Charlotte"
398,"Mooresville, NC"
399,"North Carolina, USA"
400,"Myers Park, Charlotte"
401,"Huntersville, NC"
402,"Raleigh, NC"
403,"Watertown, MA, USA"
404,New York City
405,"Piauí, Brazil"
406,"Illinois, USA"
408,"Twosun, Arizona"
409,"Corvallis, OR"
410,"Probolinggo, Jawa Timur"
411,"CIBOLO, TEXAS"
412,"Omaha, NE"
413,United States
414,"Gainesville, FL"
415,Base Hereford
416,"Louisiana, USA"
417,"Chicago, IL"
418,"Fairfax, CA"
419,Maine
420,Oregon
421,Mountains Arkansas
422,Society of Technowizards
423,"Rio de Janeiro, Brasil"
424,GTA
425,"Busan, Republic of Korea"
426,"Pennsylvania, USA"
427,Connecticut
428,"Kailua-Kona, HI"
429,East Carolina University
430,"New Haven, CT"
431,Israel
432,"Jonesborough, TN"
433,"Hamilton, OH"
435,"Louisville, KY"
436,Bleachers
437,"New York, NY"
438,"Idaho, USA"
439,istanbul
440,"Chicago, Illinois"
441,"Mission Hills, CA"
442,Laandaan
443,"Boston, MA"
444,"Blue Drop, Large Red Ocean"
445,"Charlotte, NC"
446,"New Jersey, USA"
447,"Pembroke Pines, FL"
448,"Tennessee, USA"
449,"Águia Branca, Brasil"
450,"Arlington Heights, IL"
451,"Montclair, NJ"
452,"McKinney, TX."
453,"Minneapolis, MN"
455,"University of Missouri at Columbia, Mo."
456,"Clarkson, Perth (WA)"
457,Turkey
458,"Plantation, FL"
459,"Baltimore, Maryland"
460,San Francisco
461,"Santiago, RM, Chile"
462,"Gulfport, MS"
463,Belo Horizonte
465,"Palestine, TX"
466,"Auckland, New Zealand"
467,"Washington, D.C."
468,SoCal
469,Central Alberta
470,"Las Vegas, NV"
471,US
472,"El Paso, Texas, USA"
473,Heartland of America
474,"Sacramento, CA"
475,"Cedar County, IA"
476,Traverse City
477,"San Antonio, Texas"
478,"Atlanta, GA"
479,"Atlanta, GA"
480,Singapore
481,"Boston, MA"
482,"Belvidere, IL"
483,"Rio de Janeiro, Brasil"
484,"Angra dos Reis, Brasil"
485,España
486,"Columbus, OH"
487,Fluminense FC
488,Maryland
490,Chicago
491,"Winona Lake, IN "
492,Corsica
493,"Boston, MA"
494,"Spokane, WA"
495,"Ormond Beach, FL"
496,In the trash.
497,ASU Biology
498,"Waterloo, IA"
499,"Huntsville, AL"
500,"Chicago, IL"
501,"Nairobi, Kenya"
502,clog wench
503,"Houston, TX"
504,Somewhere in Connecticut
505,"Arlington, VA"
506,"Nova Iguaçu, Brasil"
507,istanbul
508,Thailand
509,"Bay Area, CA"
510,Salt Lake City
511,"Murrieta, CA"
512,"Earth, Sol"
513,"Arlington, VA"
514,In pursuit of my dreams
515,"Florida, USA"
516,"Long Beach, CA"
517,Union Theological Seminary
518,Watching Dateline
519,"Brooklyn, NY"
520,"Manhattan, NY | NJ ✈️Mumbai"
521,"Brooklyn, NY"
522,"Gainesville, FL"
523,Florida- Nole Nation
524,"Rio de Janeiro, Brazil"
525,"New Orleans, LA"
526,"Los Angeles, California"
527,New York City
528,"St Louis, MO"
529,Everywhere
530,secure undisclosed location
531,"Indianapolis, IN"
532,Erie PA
533,The Bull City
534,"Dover, DE"
535,RT's Are FYI Purposes Only
536,Everywhere!
537,"White Oak, MD"
539,California
540,jabari mountains.
541,"Front Row, Center Right"
542,Middle of the Sea
543,N.E Ohio
544,No mar
545,"Santa Barbara, CA"
546,"Atlanta, GA"
547,caixa baixa
548,Chicago Illinois
549,"San Diego, CA"
550,Glasgow
551,"USA TODAY HQ, McLean, Va."
552,"Pittsburgh, PA"
553,"San Diego, CA"
554,Belgique
555,"Irvine, CA"
556,Northern Virginia
557,Durban North
558,"Prudentópolis, Brasil"
559,por ai
560,"Ohio, USA"
561,bredene
562,NYC USA
563,USA
564,"Pittsburgh, PA"
565,"Hamilton, ON"
567,Cumaná
568,Oregon
569,İstanbul Beykoz
570,"California, USA"
571,"Rome, GA"
572,AUSTIN TX
574,"Sonoma County, California"
576,"New York, NY"
577,Land of Hope & Dreams (Texas)
578,"Thorofare, NJ"
579,"Spokane, WA"
581,"Michigan, USA"
582,Leicester
583,enfp
584,LA and New York City
585,Montani Semper Liberi
586,"Folsom, CA United States"
587,"Macon, GA"
588,"Philadelphia, PA"
589,EE.UU
590,USA
591,Port Elizabeth || JHb
592,"Lincoln, NE"
593,"North Carolina, USA | Male"
594,"Chicago, IL Columbus, Oh "
595,"New York, NY"
596,"Gainesville, Florida"
597,Baltimore
602,Sheffield/Nottingham
603,brooklyn
604,"San Francisco, CA"
606,"Baltimore, MD"
607,District of Columbia
608,Coldheart Canyon
609,"Duque de Caxias, Brasil"
610,Houston & South Texas
611,"The Capital, Kuwait"
612,"The Woodlands, Texas"
613,United States
614,EAV
615,"Manila, PH"
616,Adelaide
617,"Calgary, Alberta"
618,Bae Area Bred
619,United States
620,"Pennsylvania, USA"
621,"Sioux City, IA"
622,Pennsylvania
623,"Oklahoma, USA"
624,"Atlanta, GA"
625,kansas
626,"here, there and everywhere"
627,"Washington, USA"
628,Em casa
629,"Lincoln, NE"
630,"Kocaeli ProvinceTR, Gebze"
631,Brasil
632,RIO DE JANEIRO
634,"Santa Bárbara, CA. EE. UU."
635,Arquibancada
636,Houston
637,"Laredo, Texas"
638,"New Orleans, LA"
639,"Georgia, USA"
640,Kentucky
641,"Chapel Hill, North Carolina"
642,"Gaziosmanpaşa, İstanbul"
644,"Appleton, WI"
645,"Cabuís, Nilópolis"
646,"Houston, TX"
647,Nearest woods.
648,"Phoenix, AZ"
649,"Spokane, WA"
651,"Gaziosmanpaşa, İstanbul"
652,"Boston & Salem, MA"
653,midwest U.S.
654,"Wichita, KS"
655,"Bay Area, CA"
656,"Detroit, MI"
658,"Virginia, USA"
659,"Huntington Beach, CA"
660,Colorado
661,"BIFC , Ohio"
662,"Florida, USA"
663,"Houston, Texas"
664,Pompano Beach
665,"Missouri, USA"
667,"Weslaco, TX"
669,Delaware
670,Washington DC
671,"Indianapolis, IN"
672,"Baltimore, Maryland"
673,Warszawa
674,"Chicago, IL"
675,"Atlanta, GA"
676,"Houston, TX"
677,"Leawood, KS"
680,"Washington, DC"
681,"Rio de Janeiro, Brasil"
682,"Rockaway, NJ"
683,"Charlottesville, VA"
684,"Rio de Janeiro, Brazil"
685,florida
686,"Biloxi, Mississippi"
687,"Rockford, IL"
689,rio de janeiro
690,"Houston, TX"
691,"Fort Wayne, IN"
692,"Hattiesburg, MS"
693,"Washington, DC"
694,in the idol producer phase
695,"Los Angeles, CA"
698,"Washington, D.C."
699,"Buffalo, N.Y."
700,Kingston
701,"San Antonio, TX"
702,"Syracuse, NY"
703,"Gaziosmanpaşa, İstanbul"
704,"Houston, TX"
705,"Rio de Janeiro, Brasil"
706,"Waco, TX"
707,"Philadelphia, PA"
708,G Town. Ky
709,E Dolla $ign
710,"Katy, TX"
711,Handing out L’s
712,"Colorado Springs, CO, USA"
713,"Mauá, Brasil"
714,the islands
715,California
716,LA BABY!
717,"Gainesville, Florida, USA"
718,Calgary
719,Rio de Janeiro
720,Ankara
721,king's landing
722,"Las Vegas, NV"
723,Rio de Janeiro
724,Switzerland
725,New York City
726,"Washington, D.C."
727,Homestead
728,htx | txst
729,"Houston, TX"
730,"Jamaica, Queens, NY"
731,"Riverside, CA"
732,"Trumpville, U. S. A. "
733,United States
734,Rossville
735,"Colorado, USA"
736,"Louisville, KY"
737,"Cheverly, Maryland"
738,Santa Barbara-Santa Maria-SLO
739,"Santa Barbara, CA"
740,Santa Barbara
741,"Santa Maria, San Luis Obispo"
742,"Monterey County, California"
743,"Harrisburg, Pennsylvania, USA"
744,In Between
745,"Hawaii, USA"
746,"Austin, Chicago"
747,"Los Angeles, CA"
748,Boston / Jerry's apartment
749,"Ogden, UT"
750,"Indianapolis, IN, USA"
751,"Coldwater,MI"
752,Nederland
753,Pittsburgh Pa
754,"Atlanta, Georgia, USA"
755,"Piedmont Triad, NC"
756,"Santa Barbara, CA"
757,"Minneapolis, MN"
758,"Newark, Ohio"
759,"Cumberland, Md."
760,"Yo, Thailand"
761,Black
762,Earth
763,"Newtown, CT"
764,"Puerto Rico, USA"
765,"San Marcos, TX"
766,"Houston, TX"
767,Illinois
768,Sumatera Barat
769,na merda
770,"Washington, DC"
771,Brisbane
772,"Burgos & Valladolid, Spain"
773,"Arizona, USA"
774,TURKEY/ORDU
775,"Rio de Janeiro, Brasil"
776,"Maple, ON"
777,"Chicago, IL"
778,Not a Nigella Parody
779,"Santa Ana, CA"
780,straight as a circle
781,The Town Whose Name Was Stolen
782,dumbass idiot box
783,Boston
784,"Fort Bliss, TX"
785,"Queens, NY"
786,"Harlingen, TX"
787,"Lexington, KY"
788,"Richland Center, WI"
789,"San Diego, CA"
790,"New Hampshire, USA"
791,Singapore
792,"Connecticut, USA"
793,KansasCityMO♡
795,"Cumming, GA"
796,"Ohio, USA"
797,"Chicago, Illinois"
798,Florida USA
799,Pretoria
800,"Houston, TX"
801,"New York, NY"
802,"Lexington Park, md"
803,"Sao Paulo, Brazil"
804,Provence-Alpes-Côte d'Azur
805,"San Mateo County, California"
806,Rio de Janeiro
807,"Texas, USA"
808,"Florham Park, New Jersey"
809,Levante
810,"Beverly Hills, CA"
812,"Washington, OK "
813,"Londinium (well, sort of)"
814,United States
815,"Atlanta, GA"
816,"Washington, D.C."
817,Metro New York
818,San Francisco Bay Area
819,"South Carolina, USA"
820,"Aurora,IL"
821,Oman|Usa
822,"Bronx, New York "
823,"Belém, Brazil"
824,Deep in the heart of Texas
825,Brasil
826,"Los Angeles, CA"
827,New York City
828,"Lancaster, PA"
829,"Barra Mansa, Rio de Janeiro "
830,"Marietta, GA"
831,Aonde o Flu jogar
833,"Washington, DC"
834,Bay Area - California
835,"Aggtown, TX"
837,"Las Vegas, NV"
838,valerie ♡
839,Belgium
840,United States
841,"Washington, DC"
842,Minnesota
843,Beasil
844,"Marble Falls, Texas"
845,Thailand
846,uvalde tx
847,"Grand Rapids, MI"
848,"Harrisburg, PA"
849,Brampton
850,United States
851,"California, USA"
852,"Manhattan, NY"
853,الجمهورية العربية السورية
854,"Lędziny, Polska"
855,"Lexington, KY"
856,Philly area PA
857,San Diego
859,"Westminster, MD"
860,Tennessee
861,the House of Two Rams
862,Sri Lanka
863,somewhere in Philly
864,SoCal
866,"Fort Wayne, IN"
867,Brasil
868,"Winston-Salem, NC"
869,"Miami, Florida"
870,Everywhere USA
871,"Lexington, KY"
872,"Urbana, Illinois"
873,"Green Bay, Wisconsin"
874,Garland TX
875,"New York, NY"
876,New York
877,"Magé, Brasil"
878,UT Southwestern Medical Center
879,CNY
880,The Lone Star State
881,"Atlanta, GA"
882,"Mesquite, Texas"
883,San Diego
884,"Atlanta, GA"
885,United States
886,Unceded Duwamish Territory
887,"Opelika, AL"
888,"Vitória, Brazil"
889,"New York, NY"
890,"Charleston, WV"
891,Colorado
892,"Las Vegas, NV"
893,"Georgia, USA"
894,My bed
895,Georgia
896,Los Angeles County
897,New York City
898,"Atlanta,Ga"
899,miami
900,"California, USA"
901,USA
903,"Raleigh, NC"
904,"Minneapolis, MN"
905,Milliyetçi Hareket Partisi
906,"Oakville, ON"
907,Kawan ditempat
910,Beyoğlu
911,Sarasaland
912,Wienerpeg
914,"White Nabow, PR"
915,Dallas / Fort Worth
916,Rio de Janeiro
917,"Dallas, TX"
918,"Rio de Janeiro, Brazil"
919,"Marlboro, N.J."
920,IL
921,"Indianapolis, IN"
923,Boston
924,"Indiana , USA "
925,"Woodbury, MN"
926,"Spokane, WA"
927,United States
928,Edinburgh
929,The Aisle Seat
930,"West Lafayette, IN"
932,Colorado
933,"Storybrooke,Maine"
934,Austin TX
935,"Dallas, TX"
936,"New York, NY"
937,New York City
938,"Springfield, IL"
939,"Rochester, NY"
940,"Sao Paulo, Brazil"
941,Uranus
942,"Washington, DC"
943,"Greensboro, NC"
944,"Rio de Janeiro, Brasil"
945,Healing Powers Series Author
946,Houston
948,"Los angeles, ca."
950,"Chicago, IL"
952,Sla
953,phx
954,"Paraíba, Brasil "
955,Monticello
956,Arizona
957,Volta redonda
958,"Quintana Roo, México"
959,Southwest Arizona
960,Miami / Fort Lauderdale
961,"California, USA"
962,"Lexington, KY"
963,Sheffield
964,"Indianapolis, IN"
965,"Hudson Valley, New York"
966,Nor*Cal
967,"Seattle, WA"
968,"California, USA"
969,gaziantep
970,Through the mists
971,Colorado
972,istanbul kartal
973,"San Diego, CA"
974,Niteroi
975,Albania
976,"lexington, ky"
977,"San Diego, CA"
978,USA
979,"Boston, MA"
980,Serik / ANTALYA
981,"San Diego, CA"
982,"grove heights, sc"
983,"Ellerys Lane, Dedham, Maine"
984,Ohio
985,Rio de Janeiro
986,"North Canton, OH"
987,"New York, NY"
988,Şehr-i İstanbul
989,"Tucson, Arizona"
990,grove heights.
991,"Vatan, "
992,Melbourne
993,Houston
994,"Burr Ridge, IL"
995,"Nashville, TN."
996,"California, USA"
997,"South Carolina, USA"
998,United States
999,"Santa Monica, CA"
1000,Edinburgh
1001,JYPNation|Crush&Dean|Luhan|UNB
1002,"Şahinbey, Gaziantep"
1003,Belgium
1004,"Washington, DC"
1005,"Wichita, Kansas"
1006,"Tuzla, İstanbul"
1007,"Bradenton, FL"
1009,İstanbul-Trabzon-Kocaeli
1010,"Whittier, California"
1011,"Los Angeles, CA"
1012,"Atlanta, GA"
1013,"Simpsonville, SC"
1014,"Danville, IL"
1015,Washington
1016,"Virginia, USA"
1017,Devizes
1018,"Harpswell, ME USA"
1019,DM[V]
1020,"Cranbury, NJ"
1021,"Barcelona, Spain"
1022,sacramento
1023,"Greenwood Village, CO"
1024,"Baltimore, MD"
1025,"Norfolk, NE"
1026,United States
1027,Bayonne NJ  | multifandom
1028,United States
1029,Moving to Southern California
1030,"Lexington, KY"
1031,"Peoria Heights, IL"
1032,Washington
1033,"Rio de Janeiro, Brazil"
1034,"Valencia, España"
1035,Bank
1036,NYC
1037,"Kenosha, WI, Skokie, IL and Chicago, IL"
1038,probably at target
1039,"Rio de Janeiro, Brasil"
1041,"Albuquerque, NM"
1042,"Springfield, Illinois"
1043,"Bethesda, MD"
1044,Orlando - Daytona Beach
1045,"Niterói, Brasil"
1046,South Florida
1047,Alpharetta GA
1049,"Chicago, IL"
1050,US
1051,"Avon, IN"
1052,"New York, NY"
1053,Maastricht
1054,"Houston, TX"
1055,"Georgia, Seattle, Austria& NYC"
1056,NYC
1057,"los angeles,califas"
1059,fl • asp
1060,"Oneonta, NY"
1061,Palm Springs
1062,"Palm Springs, CA"
1063,"Seattle, WA"
1064,"Harrisburg, PA"
1065,"Las Vegas, NV"
1066,Barbourville Kentucky
1067,Wherever...
1068,"Chicago, IL"
1069,New York
1070,"Soho, NY NY"
1071,"California, USA"
1072,"Owings, MD"
1073,"New Orleans, LA"
1074,"Kelang, Selangor"
1075,"Ewa Beach, HI"
1076,"Campinas, Brasil"
1077,"Abstract, U.S.A."
1078,wandering around in my dreams
1079,red ruff PLUS
1080,"Decatur, IL"
1081,"Espírito Santo, Brasil"
1082,tres rios rj
1083,Southern California
1084,"San Marcos, TX"
1085,"Bonsucesso, Rio de Janeiro"
1086,"Mississippi, USA"
1087,"Clarksburg, MD"
1088,Fourth Moon of Yavin
1089,"Los Angeles, CA"
1090,"Boston, MA"
1091,Ilha do governador
1092,"B/w Venus, Mercury & Jupiter"
1093,Liverpool
1094,Greater Boston
1095,Richmond VA
1096,Lalaland.
1097,"Ohio, USA"
1098,Indianapolis
1099,e s s t q
1100,Bryant Arkansas
1101,Brazil
1102,US
1103,"Florida, USA"
1104,"Downers Grove, IL"
1106,Diyarbakır
1107,chicagoooo
1108,New York
1109,Suriname
1110,Midlothian Virginia
1111,New York
1112,"Rio de Janeiro, Brasil"
1113,"Columbia, SC"
1114,Waldron
1115,Crawfordsville
1116,"Las Vegas, Nevada"
1117,"San Francisco Bay Area, USA"
1118,"Thorofare, NJ"
1119,"Ilha do Governador, Rio de Janeiro"
1120,"Elizabethtown, KY"
1121,NC or RI or NYC probably
1122,usa
1123,"Ottumwa, IA"
1124,Purdue Bay Alaska
1125,Newark / York
1126,"Indiana (formerly Toledo,OH)"
1127,"New York, NY"
1128,NE Mississippi
1129,"Ottumwa, IA"
1130,"Chattanooga, TN"
1131,"Racine, WI"
1132,"Kansas City, Missouri"
1133,"Brea, CA"
1134,"Washington, DC"
1135,finally with the gf
1136,"Anthems, in my throne "
1137,"Chattanooga, TN"
1138,"HOUSTON, TX."
1139,"Boca Raton, FL"
1140,Chicago
1141,"Englewood, FL"
1142,"Baltimore, MD"
1143,United States
1144,San Diego County
1145,"North Carolina, USA"
1147,Kuala Lumpur
1148,"Kansas City, MO"
1149,"West Fargo, ND"
1150,NH & VT
1151,"Richmond, VA"
1152,"New York, NY"
1153,"A Valley Somewhere in NY, USA"
1154,"California, USA"
1155,USA
1156,at work .
1157,"Wellington, New Zealand"
1158,Port Washington
1159,"Missouri, USA"
1160,"Fort Myers, FL"
1161,Houston Texas
1162,Texas
1163,"Rio de Janeiro, Brasil"
1164,"Rochester, NY"
1165,SEOUL CITY
1166,"California, USA"
1167,"Swansea, Wales"
1168,San Francisco
1169,"Marina, CA"
1170,"Broken Arrow, OK"
1171,"Washington, D.C."
1172,New York
1173,m s w s s
1174,"Mehlville, MO"
1175,"Centralia, MO"
1176,United States
1177,The Universe.
1178,"Mishawaka, IN"
1179,"Lynchburg, VA"
1180,"New Orleans, LA"
1181,"San Francisco, CA"
1182,"Lucas Valley
"
1183,"Pachtgoederen
"
1184,"Urschendorf
"
1185,"Pailshara
"
1186,"Fraforeano
"
1187,"Miami Beach, FL"
1188,"Fort Wayne, IN"
1189,"Waiden
"
1190,"Spring Arbor
"
1191,"Tenbrielen
"
1192,Cincinnati
1193,Formerly Bi-Coastal (CA & FL)
1194,"Cannon Beach, Oregon"
1195,Brazil
1196,America...fuck yeah
1197,"Appleton, WI"
1198,"Washington, D.C."
1199,New Jersey
1200,"Washington, DC"
1201,Thorofare New Jersey USA
1202,"Columbia, SC"
1203,"Philadelphia, PA"
1204,"Providence, RI"
1205,"San Diego, CA"
1206,Rio de Janeiro
1207,USA
1208,"Ada, MI"
1209,"Lake Los Angeles, CA"
1210,"Washington, D.C."
1211,"Bentonville, AR"
1212,"Phoenix, AZ"
1213,United States
1214,"Florida, USA"
1215,"Washington, DC"
1216,Dr. Who's Phone Booth
1217,"Queens, New York"
1218,Having BTS swim in my tears
1219,"Orlando, FL"
1220,Georgia
1221,"Dar es Salaam, Tanzania"
1222,Van
1223,"Colorado, USA"
1224,"Rio de Janeiro, Brasil"
1225,not in DubC
1226,"San Antonio, TX"
1228,Preston
1229,"Houston, TX"
1230,Nazareth PA
1231,"Melbourne, Victoria"
1232,Planet Earth
1233,Chicago | Michoacan
1234,United States
1235,"Orlando & Jacksonville, FL"
1236,"Portland, Oregon"
1237,The Milky Way
1238,"Rio de Janeiro, Brasil"
1239,"Glasgow, KY"
1240,"Arizona, USA"
1242,"New York, NY"
1243,Bama
1244,USA
1245,New Zealand
1246,"Palmdale, CA"
1247,"Houston, TX"
1248,Gloucestershire
1249,"Rio de Janeiro, Brasil"
1250,Hillside
1251,U.S.
1253,The Polo Trap
1254,"Atlanta, GA"
1255,"Philadelphia, PA"
1256,"Everywhere, nowhere"
1257,"Austin, TX "
1258,"Mission Viejo, CA"
1259,"Lakeland, Florida"
1260,upstate SC
1261,"Twinsburg, OH"
1262,Cc tx
1264,"Tuscaloosa, Alabama"
1265,"California, USA"
1266,"Akron, Ohio"
1267,orange farm SA
1268,"Mountain House, CA"
1269,Lote X
1270,Recife
1271,"Caracas, Venezuela."
1272,"Birnin Zana, Wakanda"
1273,Kentucky
1274,Rio de Janeiro
1275,"Virginia, Jersey native"
1276,"Antioch, CA"
1277,Bear Island
1278,"Seattle, Washington"
1279,Paterson-North Jersey
1281,"Natal, Brasil"
1282,RoCo
1283,rj
1284,"Tennessee, USA"
1285,United States
1286,"Baltimore, Maryland"
1287,"Clearwater, FL"
1288,"Oakland, CA"
1289,Balor Wonderland
1290,the Moon
1291,"Wyoming, USA"
1292,na tua
1293,Washignton DC
1294,Nilópolis
1295,"Washington, DC"
1296,"Wellington, New Zealand"
1297,New York
1298,Mureta da Urca
1299,hotel cortez
1300,York & Leeds
1301,"Grapevine, Texas"
1302,Oxnard
1303,"Bayfield, CO"
1304,idaho
1305,"New Jersey, USA"
1306,"Wayne, NJ"
1307,Massachusetts
1308,"Allentown, PA"
1309,United States
1310,"New York, NY"
1311,"San Diego, CA"
1312,"Stafford, VA"
1313,"Lubbock, TX"
1314,"Bay Shore, NY"
1315,Gaelandia
1316,"Sevilla, España"
1317,New Zealand
1318,New Orleans
1319,San Francisco Bay Area
1320,"New York, NY"
1321,"Las Vegas, NV"
1322,NWA & River Valley
1323,"Tampa, FL"
1324,"Medford, OR"
1325,"Chicago, IL"
1326,New York & תל אביב
1327,Oregon's Paris
1328,Niterói-Rio de Janeiro
1329,Rio de Janeiro/RJ
1331,Miami
1332,"West Lafayette, IN"
1333,"Brooklyn, NY, United States"
1334,Texas/Oklahoma/Florida
1335,San Diego
1336,"San Diego, CA"
1337,HOME
1338,"Berrytown, Virginia, USA"
1340,"Massachusetts, USA"
1341,"College Station, TX"
1342,"Sioux Falls, SD"
1343,"Greenville, SC"
1344,Republic of the Philippines
1345,i'm a (solid gold) unicorn.
1346,"Kokomo, IN"
1347,"Nova Iguaçu, Brasil"
1348,Guarapari/ES
1349,"Florida, USA"
1350,"Compton, CA"
1351,USA
1352,"Buffalo, NY"
1353,"Seattle, WA"
1354,"Dallas, TX"
1355,Alaska
1356,"Columbus, OH"
1357,Deptford sloth
1358,"New York, NY"
1359,West Michigan
1360,"Miami, Florida, USA"
1361,"Albany, GA"
1362,Brony Fandom
1363,"Idaho, USA"
1364,Obat Peninggi Badan Alami
1365,Indianapolis
1366,大阪
1367,"Florida, USA"
1368,"Beaumont, Texas"
1369,"Detroit, MI"
1370,"Brooklyn, NY"
1371,"Silver Spring, MD"
1372,"Mishawaka, IN"
1373,"Florida, USA"
1374,"Black Hills, SD "
1375,"Montana, USA"
1376,"Nevada, USA"
1377,"Oakland, CA"
1378,"Quincy, IL"
1379,"Redmond, WA, USA"
1380,"Picos, piaui"
1381,Kansas
1382,"Philadelphia, PA"
1383,"Chacao, Venezuela"
1384,"Amsterdam, North Holland"
1385,Planet Earth
1386,DolphinsTalk.com
1387,"Cincinnati, OH"
1388,unknown
1389,United States
1390,IAPI
1391,Southport
1392,"Fort Worth, TX"
1393,usa
1394," Bayside, New York"
1395,"Florida, USA"
1396,"Madrid, Spain"
1398,"St. Louis, Missouri"
1399,"Fort Lauderdale, Florida"
1400,Liverpool
1401,"Free Country, USA"
1402,"Stanford, CA; Hawaii, USA"
1403,caracas
1404,Music Major | Journalism Minor
1405,Nor CA
1406,United States
1407,Mesa AZ
1408,"Chattanooga, TN"
1409,"Lakeland, FL"
1410,United States
1411,"Boston, Mass."
1412,Pennsylvania
1413,"Florianópolis, Santa Catarina"
1414,Texas
1415,"New Jersey, USA"
1416,Brasil
1417,Wakanda
1418,Mafikeng North West
1419,"Athens, TX"
1420,"Minneapolis, MN"
1421,$$$
1422,Atlanta.
1423,"Atlanta, GA"
1424,Hungary
1425,Qatar
1426,"South Bend, IN"
1427,Texas
1428,Chicago
1429,U.S.
1430,DMV
1431,"Burnsville, MN"
1432,New York
1433,"Berlijn, Duitsland"
1434,"Indianapolis, IN"
1435,"Phoenix, AZ"
1436,"Wichita, KS"
1437,terra do nunca
1438,"Burlington, VT"
1439,jampa
1440,"Greenville, SC "
1441,"Mineral del Chico, Hidalgo"
1442,"Jackson, MS"
1443,"Minneapolis-St. Paul, MN"
1444,"Eagle Pass, TX"
1445,Tᕼᕮ ᑎOᖇSᕮ ᖇᕮᗩᒪᗰ
1446,"Las Vegas, NV"
1447,sunshine & oranges
1448,Kansas
1449,"Oklahoma City, OK"
1450,KAUZ Wichita Falls TX
1451,Northern Illinois
1452,"Spokane, Washington"
1453,"Viña del Mar, CHILE"
1454,United States
1455,"Fort Smith, Arkansas"
1456,"Rio de Janeiro, Brasil"
1457,"Houston, Texas"
1458,DC-ish
1459,Central Illinois
1460,Views are my own -
1461,"Abbeville, LA"
1462,"Ventura, CA"
1463,"Deep InnaHarta, TX"
1464,"Washington, DC"
1465,"San Antonio, TX"
1466,"Nova Iguaçu, Brasil"
1467,"Finger Lakes, NY"
1468,Sarasota FL (AKA Vern Land
1470,"Elkville, IL"
1471,New York
1472,"Galveston, TX"
1473,"New York, NY"
1474,"Thorofare, NJ"
1475,"Justus, Oklahoma"
1476,[the driftless]
1477,Chicago
1478,United States
1479,"Apex, NC"
1480,brevemente em Paris
1481,"Cocula, Jalisco"
1482,"suburban Washington, D.C."
1483,"Michigan, USA"
1484,"Tool Tx & Tulsa, Ok"
1485,Omnipresence.
1486,"Minneapolis, MN"
1487,Gilead
1488,California
1489,"Florida, USA"
1490,"Miami, FL"
1491,yes
1492,Los Angeles Baby!
1493,"Texarkana, TX"
1494,wiltshire
1495,"kansas city, mo"
1496,United States
1497,
1498,"Salem, OR"
1499,República Dominicana
1500,King Willy / Cape Town
1501,"Amarillo, TX"
1502,"Mountain House, CA"
1503,"Chicago,Ill"
1504,"New York, NY"
1505,"Warlando,FL"
1506,"Hamburgo, Alemanha"
1507,"Bahia, Brasil"
1508,Michigan
1509,New York
1510,"Austin, TX"
1511,"Rio de Janeiro, Brasil"
1512,chasing my dreams
1513,"Auckland, New Zealand"
1514,Massachusetts
1515,Torres Vedras
1516,"Florida, USA"
1517,"Houston, Tx ✈️"
1518,Near some monuments
1519,Jerusalem
1520,Modesto Ca
1521,Tvd
1522,"Smithfield, NC"
1523,United States
1524,"Grand Rapids, MI"
1525,off duty
1526,weilburg
1527,flyingmonkeyspodcast at gmail
1529,illadelphia
1530,Knockemstiff
1531,"New Jersey, USA"
1532,Atlantic Coast US
1533,"Rock Island, IL"
1538,"Jardim da Penha, Vitória"
1539,"Atlanta, GA"
1540,Mpumalanga
1541,"Columbus, Ohio"
1542,USA
1543,"Tennessee, USA"
1544,"Harrisburg, PA"
1545,kent
1546,"Los Angeles, CA"
1547,Indiana
1548,Washington/Arlington
1549,NC
1550,"Oakland, California"
1551,Chicago and Brooklyn
1552,Rio de Janeiro
1553,New York City
1554,"Houston, TX"
1555,"Glendale, CA"
1556,"Greenwood, IN"
1557,Folkestone
1558,"Fanwood, NJ"
1559,"Lafayette, Louisiana"
1560,bay area
1561,"Minneapolis, Minnesota"
1562,"Sarasota, Florida"
1564,"San Francisco, CA"
1568,"Tabernacle, NJ"
1569,Washington DC
1570,"Eden Prairie, MN"
1571,I'm everywhere in socialist CA
1572,Baltimore
1573,"Boston, MA"
1574,"Indiana, USA"
1575,Antigua
1576,"New York, USA"
1577,"New York, NY"
1578,New York
1579,Berlin
1580,Dallas
1581,"Las Vegas, NV"
1582,"Bridgewater, NJ"
1583,"Orange County, NC"
1584,"San Diego, CA"
1585,"Fishtown, Philadelphia"
1586,"Nevada, USA"
1587,"Tampa, FL"
1588,"UOfA HPER, second floor gym"
1589,"Medina, OH"
1590,"Boston, MA"
1591,The City of Crohnsville
1592,"Aberdeen, SD"
1593,"Aberdeen, SD"
1594,"Lafayette, LA"
1595,Northwest Arkansas
1596,"Santa Cruz, RS"
1597,"West Monroe, La"
1598,"Montreal, QC"
1599,"Burlington, Vermont"
1600,Boston
1601,"New Plymouth District, New Zealand"
1602,"Outskirts, Northern Powerhouse"
1603,"St. Louis, MO"
1604,"Krooklyn, NY"
1605,"Indianapolis, IN"
1606,"State College, Pennsylvania"
1607,United States of America
1608,"Red Deer County, Alberta"
1609,"Huntington-Charleston,WV"
1610,"California, USA"
1611,"Falls Church, VA"
1612,Åland
1613,"Near Manchester, NH"
1614,"St Louis, MO"
1615,Jeddah
1616,Srinagar
1617,Alaska/Idaho/Oregon/Washington
1618,"Golden, CO"
1619,"Cordovil, Rio de Janeiro"
1620,Kabwe
1621,Bermuda
1622,Down the hold just passing time
1623,"Norman, OK"
1624,"Alagoinha, Brasil"
1625,"Albertville, AL"
1626,'Murica
1627,"New York, NY"
1628,"Washington Heights, NY"
1629,"Detroit, Michigan"
1630,"Brasília, Brasil"
1631,Make Money
1632,Puerto Rico
1633,"Halifax, NS"
1634,DePauw University
1635,Bristol
1636,"St. Paul, Minnesota"
1637,"Bristol, CT"
1638,"Spartanburg, SC"
1639,United States
1640,Boston Mass
1641,"Waterbury, CT"
1642,"Natchitoches, LA"
1643,New Jersey
1644,"Erie, Pa."
1645,"Wenham, MA"
1646,"Peoria, IL"
1647,"Washington, D.C."
1648,yes
1649,TX
1650,"Framingham, Mass"
1651,Central Va
1652,"Washington, USA"
1653,"Boston, MA"
1654,Glasgow
1655,Texas
1656,"California, USA"
1657,"Woodbridge, VA USA"
1658,FL/NC USA
1659,UT
1660,"Lawrence, KS"
1661,"Caltech, Pasadena, CA, USA"
1662,"Gravesend, South East"
1663,"Lehigh Valley, PA/NJ"
1664,"Los Angeles, CA"
1666,"Macon, Georgia"
1667,"Midlothian, VA"
1668,Instagram: jkopftwins
1669,United States
1670,"Sao Paulo, Brasil"
1671,"Mount Juliet, TN "
1673,"Florida, USA"
1674,Queens
1675,"Washington, D.C."
1676,"Cartersville, GA"
1677,"Roswell, GA"
1678,"North Carolina, USA"
1679,"New Brunswick, NJ"
1680,"Philadelphia, PA"
1681,"High Point, NC"
1682,"Roslindale, Boston"
1683,WNY Region
1684,New York
1685,"Boston, Massachusetts"
1686,"Los Angeles, CA"
1687,"San Antonio, TX"
1688,"Columbus, OH"
1689,"Niterói, Brasil"
1690,"Jefferson City, MO"
1691,pmts cs
1692,"Kansas City, MO"
1693,United States
1694,"Rio de Janeiro, Brazil"
1695,Chicago
1696,"Illinois, USA"
1697,"Chicago, IL"
1698,"Kent, Ohio"
1699,The basic multilingual plane
1700,"Baltimore, MD"
1701,Reno/Carson/Fallon NV
1702,LAS VEGAS
1703,"Boca Raton, FL"
1704,"Nova Iguaçu, Brasil"
1705,Ima worthless
1706,Rio de Janeiro
1707,"Bandung, Jawa Barat"
1708,"Massachusetts, USA"
1709,Window Seat✈
1710,"Silicon Valley, California"
1711,BH - MG
1712,"Thousand Oaks, CA"
1713,Los Angeles
1714,New Hampshire
1715,Alpha Centauri
1716,"Omaha, NE"
1717,she/her | bi/poly | entp | USA
1718,"Prince George's County, MD"
1719,Iowa
1720,Botswana
1721,Valhalla & Geneva
1722,North Carolina
1723,San Francisco
1724,USA
1725,Nairobi
1726,"Abilene, TX"
1727,palmas-to
1728,United States
1729,GTA
1730,Hertfordshire/Durham
1731,"Florida, USA"
1732,"Dallas, Texas"
1733,
1734,northern california
1735,"manhattan ,nyc"
1736,"Georgia, USA"
1737,Kansas
1738,"Cumming, GA"
1739,"West Columbia, SC"
1740,Abu Dhabi
1741,ky
1742,California
1743,"Columbus, OH"
1745,Jacks Creek TN
1746,KOTA RAJASTHAN
1747,"Cincinnati, Ohio"
1748,Facebook: MilkyWay
1749,"Quad Cities, Iowa/ Illinois"
1750,"New York, NY"
1751,Los Angeles
1752,"Chapel Hill, NC"
1753,"PA/MD, USA"
1754,"Atlanta, GA"
1755,Pullman
1756,"Vilnius, Lithuania"
1757,"Lancaster County, PA"
1758,USA
1759,"Green Bay, WI"
1760,Lasgidi
1761,North Georgia
1762,"Bakersfield, CA"
1763,"Edmonds, WA"
1764,Prague
1765,"Rio de Janeiro, Brasil"
1766,"WAVELAND, USA"
1767,nova iguaçu - rj
1768,"Las Vegas, NV"
1769,"ATL, GA"
1770,"Chattanooga, TN"
1771,Sydney & sometimes Melbourne
1772,The TARDIS/Castle Hopper
1773,West Virginia
1774,Brooklyn
1775,"Georgia, USA"
1776,"Charlotte, NC"
1777,North America
1778,"Madison, Wis."
1779,United States
1780,Los Angeles
1781,"Birmingham, Alabama"
1782,Charlotte | Jersey City
1783,French Southern and Antarctic
1784,"Laranjeiras, Rio de Janeiro"
1785,"Greensboro, NC"
1786,✌️NY ❤️
1787,"Rio de Janeiro, Brasil"
1788,United States
1789,"Houston, TX"
1790,United States
1791,"Los Angeles, California"
1792,"Thorofare, NJ"
1793,Wisconsin
1794,"Queens, NY"
1795,New York City
1796,"Charleston, SC"
1797,"Phoenix, AZ"
1798,"Kansas City, KS"
1799,"Drexel Hill, PA"
1800,"Bolingbrook, IL"
1801,San Francisco Bay Area
1802,Little Rock
1803,Phalaborwa / Pretoria
1804,"Middletown, DE"
1805,"Wausau, WI"
1806,"Houston, TX"
1807,"Washington, DC"
1808,"Rio de Janeiro, Brasil"
1809,"Boca Raton, FL"
1810,"cleveland, ohio"
1811,San Francisco • Ca
1812,New York City
1813,"Seattle, WA"
1814,BOSTON
1815,"Pocatello, ID"
1816,Mid-Michigan
1817,"Washington, DC"
1818,"UC Berkeley, California"
1819,"South Central , Louisiana"
1820,"Chicago, IL"
1821,United States
1822,United States
1823,"California, USA"
1824,"USA Heartland, Second Life"
1825,Milky Way Galaxy
1826,"Kos, Greece"
1827,Nashville
1828,NE OH/ NW PA
1829,"Melbourne, Victoria"
1830,"New York, USA"
1831,Rosyth
1832,"Oakland, CA"
1833,Los Angeles
1834,"Oakland, CA"
1835,All Around
1836,"Poteau,OK"
1837,United States
1838,"Tunica, MS"
1839,"Silver Spring, MD"
1840,"Northbrook, IL, USA"
1841,"East Cambridge, Massachusetts"
1842,"Asheville, NC"
1843,Word-Wide
1844,Earth
1845,"Chesterfield, VA"
1846,"Dallas, TX"
1847,Sydney
1848,"Dacula, GA"
1849,"Tijuca, Rio de Janeiro"
1850,"Dallas, TX"
1851,"Des Moines, IA"
1852,"Branson, MO"
1853,"Dallas, TX"
1854,"Orange County, CA"
1855,"Beverly Hills, CA"
1856,"Miami, FL"
1857,heaven earth is temporary
1858,USA
1859,"Niagara Falls, NY"
1860,"Sicile, Italie"
1861,Pennsylvania
1862,Rural USA
1863,"Boca Raton, FL"
1864,United States
1865,"Alexandria, LA"
1866,Agartha
1867,KUCHING
1868,Scaffold Army Manchester
1869,Freguesia - JPA
1870,"California, USA"
1871,JHB/CPT/Mgowo
1872,"Georgia, USA"
1873,"Alpharetta, GA"
1875,"Puyallup, WA"
1876,"Enumclaw, WA"
1877,"Bellevue, WA"
1878,"Kirkland, WA"
1879,"Mercer Island, WA"
1880,"Bonney Lake, WA"
1881,"Peachtree Corners, GA"
1882,"Gig Harbor, WA"
1883,"Douglasville, GA"
1884,"North Druid Hills, GA"
1885,"Smyrna-Vinings, Georgia"
1886,"Woodinville, WA"
1887,"Woodstock, GA"
1888,"Renton, WA"
1889,"Sandy Springs, GA"
1890,"Woodbridge, Suffolk"
1891,USA
1892,"Massachusetts, USA"
1893,Northwest Arkansas
1894,New York
1895,"Cape Girardeau, Missouri"
1896,"New Orleans, LA"
1897,"Lawrence, KS"
1898,east coast
1899,Bryan/College Station. TX
1900,California
1901,"Roanoke, Virginia"
1902,"Norman, Oklahoma"
1903,New York
1904,"Somerset Village, Bermuda"
1905,"Arlington, VA"
1906,Seattle & Redlands
1907,riding a motorcycle
1908,Brooklyn NYC
1909,Los Angeles
1910,"Rockford, Illinois"
1911,United States
1912,California
1913,Grand Coulee WA
1914,"Washington, DC"
1915,"Newburgh, IN"
1916,Smashville
1917,"Sammamish, WA"
1918,"Shoreline, WA"
1919,"MEDIA, Pa."
1920,"New Orleans, LA"
1921,Jerz
1922,Feasterville
1923,The Hunt for Winners
1924,New York
1925,Jersey
1926,"Dallas/Fort Worth, Texas "
1927,Butthole
1928,"Houston, Texas"
1929,"Petrópolis, RJ"
1930,Thurrock
1931,"Olathe, KS"
1932,"Dollard des Ormeaux, Québec,Ca"
1933,boarder of NH/MA
1934,"Arlington, VA"
1935,"Washington State, USA"
1936,"Rio de Janeiro, ZN"
1937,"Bergen, Norway"
1938,Soviet Canuckistan
1939,"Sunnyvale, CA, USA"
1940,"North Carolina, USA"
1941,"Springfield, PA"
1942,"Seattle, WA"
1943,"Canton, GA"
1944,"Monroe, GA"
1945,"Springfield, IL"
1946,"Johns Creek, GA"
1947,"Dallas, GA"
1948,"Buckhead, GA"
1949,"Decatur, GA"
1950,"Nova Iguaçu, Brasil"
1951,"Hudson, Florida"
1952,Here & There
1954,Everywhere & Nowhere
1955,"Gilead, año II"
1956,United States
1957,"Los Angeles, CA"
1958,"Philadelphia, PA"
1959,Chicago suburbs
1960,"Cleveland,Ohio"
1961,"Kingwood, TX"
1962,Los Angeles
1963,где-то в корее
1964,"NY,NY-SF,CA-ALL POINTS BETWEEN"
1965,Los Angeles
1966,Los Angeles
1967,St. Louis
1968,"Henryetta, Oklahoma "
1969,"Charlotte, NC"
1970,"Greensboro, NC"
1971,Charlottesville
1972,USA
1973,USA
1974,California
1975,Manchester
1976,United States
1977,"Atlanta, GA"
1978,"Volta Redonda, Brasil"
1979,"Austin, TX"
1982,"Chicago, Illinois"
1983,"Ipswich, MA"
1984,"North Carolina, USA"
1985,Nigeria
1986,"Manhattan, NY"
1987,"Ravenna, OH"
1988,"Nairobi, Kenya"
1989,Nevada
1990,Liverpool/Leamington Spa
1991,"Bangor, Maine"
1992,Hot Earth
1993,the clouds ☁️
1994,Caracas
1995,Seattle
1996,Rio de Janeiro
1997,"Waterbury, CT"
1998,Federated States of Micronesia
1999,"Jonesboro, Arkansas USA"
2000,"Los Angeles, Ca."
2001,United States
2002,NOLA • ☁️⁹
2003,Switzerland
2004,South Central USA
2005,"the woods, North Cascades"
2006,"Philadelphia, PA"
2007,"Golden Valley, MN"
2008,Sheffield
2009,DMV
2010,"Cleveland, OH"
2011,Cuiabá - Mato Grosso
2012,"Washington, D.C."
2013,"Portland, OR"
2014,"ClevElanD, OH"
2015,Ploughing a furrow
2016,City of Wannabe Angels
2017,Spitters Are Quitters
2018,"Natal, Brasil"
2019,Anchorage
2020,"Los Angeles, Ca"
2021,"New York, NY"
2022,Lincoln Ne
2023,"Oakland, CA"
2024,"Falls Church, Virginia"
2025,Campinas-SP
2026,"Worcester, MA"
2027,"Duck River, TN"
2028,Massachusetts
2029,"Nairobi, Kenya"
2030,Wirral
2031,"Bogotá, D.C., Colombia"
2032,"State of Wisconsin, U.S.A"
2033,"Cashion, OK to Carrollton, GA"
2034,"Omaha, NE"
2035,"Lake Havasu City, AZ"
2036,"Brighton,Sussex"
2037,"Montana, USA"
2038,"North Dakota, USA"
2039,"Hollidaysburg, PA"
2040,"Clarksville, TN"
2041,Maine
2042,"Washington, DC"
2043,"Columbus, OH"
2044,Ciudad de México
2045,running
2046,"Karşıyaka, İzmir"
2047,"Porirua, New Zealand"
2048,"South Farmingdale, NY"
2049,"Boston, MA"
2050,"Geeenwood Village, Colorado"
2051,Nationwide
2052,New Zealand
2053,Jamaica
2054,"Itasca, IL"
2055,Eastern North Carolina
2056,"Lubbock, Texas"
2057,Sri Lanka
2058,ab.can.
2059,"St Louis, MO"
2060,"Chicago, IL"
2061,"Grantsburg, Wisconsin, USA"
2062,"Columbus, OH"
2063,Beacon
2064,"Los Angeles, CA"
2066,"Buffalo, NY"
2067,CARACAS-VENEZUELA
2068,its pronounced kay-lee
2069,Silver Spring
2070,"Katy, TX"
2071,"Berkeley, CA"
2072,"Louisville, KY"
2073,"Chicago, IL"
2074,"New York City, USA"
2075,"Detroit, MI"
2076,A Closed System
2077,"Madiun, Jawa Timur"
2078,Itz
2079,Seattle or Corpus Christie
2080,"Memphis, Tn"
2081,United States
2082,USA
2083,United States
2085,"New Jersey, USA "
2086,"Austin, TX"
2087,"Rockville, MD"
2088,"Georgia, USA"
2089,New Zealand
2090,"New Concord, Ohio"
2091,LA/Philly
2092,Under a bridge
2093,On the beach of the Moon
2094,"Thornton, CO"
2095,okc
2096,Washington DC
2097,"Huntington Beach, CA"
2098,"Brasília, Brazil"
2099,"Boston, MA"
2100,aberdeenshire
2101,"Fernandina Beach, FL"
2102,Where The Jumblies Live
2103,[RP. OC Trainer]
2104,"Virginia, USA"
2105,Rome
2106,Broke Ass State Of Kansas
2107,Texas
2108,"Atlanta, GA"
2109,saratoga springs ny
2110,"San Diego, CA"
2111,"San Diego, CA"
2112,"Holladay, UT"
2113,California
2114,Winnebago County Illinois
2115,The Greater Chicagoland Area
2117,United States
2118,$$$$$$$$$$$$
2119,"Pierre, SD"
2120,"Michigan, USA"
2121,"Volta Redonda, Brasil"
2122,"Pennsylvania, USA"
2123,United States
2124,"Texas, USA"
2125,USA
2126,"Washington, DC"
2127,United States of America
2128,Houston Texas
2129,"Providence, RI"
2130,"Shithole, USA"
2131,California USA
2132,M  E  S B   H  L
2133,Maldives
2134,"Brick City, Devilsland"
2135,"Longmont, CO"
2136,"Indianapolis, IN"
2137,Midland/Odessa Texas
2138,"Nashville, TN"
2139,"Houston, TX"
2140,"Los Angeles, CA"
2141,Washington DC
2142,"Peabody, MA"
2143,"Midland/Odessa, TX"
2144,"Houston, TX"
2145,"Lévis, Québec"
2146,"New York, USA"
2147,United States
2148,"Columbia, SC"
2149,East of Flumdiddle
2150,"Bainbridge Island, WA"
2151,"Manchester, CT"
2152,"California, USA"
2153,"Ilha do Governador, RJ "
2154,United States
2155,los angeles and palm springs
2156,Indiana
2157,"Hillsboro, OR"
2158,"California, USA"
2159,New York
2160,"Boston, MA"
2161,"Harvey, IL"
2162,Ur guess is as good as mine !
2163,"San Jose, CA"
2164,"Minneapolis, MN"
2165,Many Places
2166,"SoCal Born, SoCal Bred"
2167,"Ohio, USA"
2168,"Wichita Falls, Texas"
2169,"Trenton, NJ"
2170,"Ferndale, MI"
2171,"Pacific Northwest, USA"
2172,"Brooklyn, New York"
2173,"Makati, Philippines"
2174,Tampa FL ✈ SanAngelo tx
2175,"Ipanema, Rio de Janeiro, Brasil"
2177,"Uppsala, Sverige"
2178,Seattle
2179,"Portland, Oregon"
2180,ATX
2181,"Florianópolis, Brazil"
2182,"Vacaville, CA"
2183,Minneapolis
2184,"Washington, DC"
2185,local group
2186,"대한민국, 서울"
2187,"Berlin, CT"
2188,"Leme, Rio de Janeiro"
2189,"Caldwell, ID"
2190,"Aracaju, Brazil"
2191,"Brooklyn, NY"
2192,Chile
2193,"Albuquerque,NM"
2194,"Nashville, TN"
2195,Por aí
2196,"Houston, Texas"
2197,USA
2199,"Duluth, MN "
2200,"Las Vegas, Nevada"
2201,Arkansas
2202,Los Angeles
2203,"Atlanta, Georgia"
2204,Weldon Spring MO
2205,"Sterling, VA"
2206,"Manhattan, NY"
2207,"Atlanta, GA"
2208,North Phoenix
2209,"San Francisco, CA"
2210,"Hollywood, FL"
2211,sunny blackpool
2212,"Philadelphia, PA"
2213,Texas
2214,"Seattle, WA"
2215,"DeFuniak Springs, FL"
2216,United States
2217,"Townsend, GA"
2218,"Wilmington, NC"
2219,"Wilmington, NC"
2220,"New Bern, NC"
2221,"Fayetteville, NC"
2222,"Sapiranga, Brasil"
2223,Rocky Mountains
2224,United States
2225,"Santo Domingo, RD"
2226,"vitoria, br             "
2227,Illinois
2228,New York City
2229,Toledo
2230,"Bismarck, North Dakota"
2231,United States
2232,"Lima, Peru"
2233,"Oviedo, FL"
2234,"Warsaw, NY"
2235,Nashville
2237,Rio de Janeiro
2238,"Santiago, Chile"
2239,"Greeley, CO"
2240,Socialist Nirvana
2241,"Lincoln, NE"
2242,"Seattle, WA"
2243,The middle of nowhere
2244,America The Beautiful
2245,"Bend, OR"
2246,United States
2247,"Walnut Creek, California"
2248,"Washington, D.C."
2249,"St Louis, MO"
2250,"Charleston, SC"
2251,Monsatan X
2252,"Spartanburg, SC"
2253,"Los Angeles, California"
2254,Midwest
2255,MaisonduSuaveFineandApplied
2256,Detroit
2257,"Brooklyn, NY"
2258,"Monrovia, Liberia"
2259,"shreveport, la"
2260,NYC
2261,"Los Angeles, Cali"
2262,"Niterói, Rio de Janeiro "
2263,"Washington, DC"
2264,"Marion, Ohio"
2265,"Greensboro, NC"
2266,Somewhere South of Seattle
2267,Near Skinners Bottom Cornwall
2268,Montreal & Vermont
2269,"Johnson City, TN"
2270,"San Diego, CA"
2271,"Over the Rainbow, Oz"
2272,Prob eating chicken nuggets
2273,"Andalucía, España"
2274,"St Paul, MN"
2275,United States
2276,"Podgorica, Montenegro"
2277,Brittania
2278,"Huntsville, AL"
2279,"Carrboro, where else!"
2280,UGANDA
2281,"Los Angeles, CA"
2282,USA
2283,Emirates Stadium
2284,"Duque de Caxias, RJ, Brasil"
2285,"westchester county, new york"
2286,"Hauppauge, New York, USA"
2287,"Zanesville, Ohio"
2288,"Sandusky County, Ohio"
2289,"Chillicothe, Ohio"
2290,"Coshocton, Ohio"
2291,"Albuquerque, NM"
2292,Brasil
2293,Las Vegas
2294,LYON
2295,Planet Earth
2296,"Phoenix, AZ"
2297,In bed thinking about death
2298,United States
2300,Patos-PB
2301,By the food
2302,"Lagoa Santa, Brasil"
2303,California
2304,"Chicago, IL"
2305,"Grand Rapids, MI"
2306,Planet Kamino
2307,"Broadway, VA"
2309,Los Angeles
2310,"Geneva, Switzerland; DC, USA"
2311,Asgardia
2312,"Madrid, Comunidad de Madrid"
2313,"St. Louis, MO (US)"
2314,DİYARBAKIR
2315,"Texas, Interstate Towing & Recovery of Kyle"
2316,"Washington, DC"
2317,"Darwin, Northern Territory"
2318,"Glasgow, KY"
2319,"Leesburg, FL"
2320,istanbul
2321,"Riverside, CA"
2322,"Seattle, WA"
2323,"Arlington, VA"
2324,he/him
2325,"Rio de Janeiro, Brasil"
2326,"Minnesota, USA"
2327,Guildford
2328,"Lansing, MI"
2329,leftcoast.
2330,"Boston, MA"
2331,"Carrollton, TX"
2332,Southwest Florida
2333,"San Francisco, CA"
2334,"California, USA"
2336,InMyFamly'sLovingEmbracenU?
2337,"Pasadena, CA"
2338,"Palm Coast, FL"
2339,Manaus - Brasil
2340,"St. Paul, Minnesota"
2341,"A van, down by the river"
2342,Baltimore
2343,chicago
2344,"Oviedo, FL"
2345,"Tennessee, USA"
2346,Turkey
2347,Pret a Manger
2348,csulb
2349,NJ
2350,"New Port Richey, Florida"
2351,Republic of Belarus
2352,Nanaimo bc
2353,"Oklahoma City, OK"
2354,"Caracas, Venezuela"
2355,Nordeste
2356,United States
2357,Ocean Beach CA USA
2358,Austin
2359,"California, USA"
2360,United States of America
2361,"Washington, DC"
2362,"Naperville, IL"
2363,Pittsburgh Pennsylvania
2364,LOS (vegAN)GELES
2366,"Atlanta, GA"
2367,"Arlington, TX"
2368,"California, USA"
2369,United States
2370,Brooklyn to the DMV
2371,"Charlotte, NC"
2372,Wilmington DE
2373,"Atlanta, Georgia"
2374,Burton-On-Trent
2375,"Rio de Janeiro, Brasil"
2376,"Phoenix, Arizona"
2377,"Arizona, USA"
2378,"U.S., Guam and Puerto Rico"
2379,Northern California
2380,"Burlington, VT"
2381,"Nassau, Bahamas"
2382,"Davenport, IA"
2383,CT Yankee in King Greg's Court
2384,USA
2385,"Tarnowskie Góry, Polska"
2386,Montreal
2387,wonderland
2388,"Pittsburgh, Baltimore, NYC"
2389,"Portland, Maine"
2390,"Washington, DC"
2391,United States
2392,"Virginia, USA"
2393,Gaia
2394,"Los Angeles, CA"
2395,Philadelphia
2396,"Pennsylvania,Maryland,Delaware"
2397,"Brasília, Brasil"
2398,Earth
2399,DC metropolitan area
2400,United States
2401,MS to WIN CITY
2402,Cleveland
2403,"Jackson, CA"
2404,LA
2405,"Dar es salaam, Tanzania"
2406,"Iowa City, Iowa"
2407,"Westminster, CA"
2408,"Washington, D.C."
2410,"Arlington, VA"
2411,San Francisco
2412,Riverside County
2413,"Bangkok, Thailand"
2414,probably rehearsals or church
2415,"Honolulu, HI"
2416,"Baton Rouge, LA"
2417,western NY
2418,"Florida, USA"
2419,"Michigan, USA"
2420,Somewhere in Kansas
2421,"Naples, Florida"
2422,"Binghamton, NY"
2423,"Seattle, WA"
2424,"Evansville, IN"
2425,"Fort Myers, Florida"
2426,"Ithaca, NY"
2427,"Elmira, NY"
2428,the Forgotten Borough
2429,"Indianapolis, IN"
2430,"Kentucky, USA"
2431,"Winteringham, North Lincs"
2432,"Tampa Bay area, FL"
2433,"San Bernardino County, CA"
2434,"Santiago, Chile"
2435,"New Jersey, mostly"
2436,"Jenkintown, PA"
2437,"Bay Area, CA"
2438,California
2439,United States
2441,The Gas
2442,"Atlanta, GA"
2443,New Orleans/Connecticut
2444,Fort Wayne
2445,"Rockwood, TN"
2446,Hogwarts
2447,West suburban Chicago
2448,Quad Cities
2449,planet Earth
2450,"Wilmington, Delaware"
2451,chicagoland
2452,Washington DC metro area
2453,"Minnesota, Minnesota "
2454,"Hoffman Estates, IL"
2455,"Chicago, IL"
2456,Quebec
2457,Everywhere
2458,"Parkville, MO"
2459,"Alexandria, VA"
2460,Don't Touch My Hair
2461,"Fullerton, CA"
2462,"Atlanta, GA"
2463,"Philadelphia, PA"
2464,NJ and some days NYC
2465,Right here
2466,New York City
2467,No Mean City
2469,"Fort Worth, Texas"
2470,the region
2471,"Staunton, Va."
2472,San Antonio Tx
2473,Sin City
2474,"Morris County, New Jersey"
2475,Rio de Janeiro
2476,"Columbus, OH"
2477,"Corpus Christi, TX"
2478,"Miami, FL"
2479,OVA YA MOM CRIB
2480,"Florida, USA"
2481,"abingdon, va"
2482,"Long Island, NY"
2483,"Atlanta, GA"
2484,"Mesquita, RJ"
2487,"Maine, USA"
2488,"Saint Petersburg, FL"
2489,Kristiansand
2490,"St Louis, MO"
2491,"Richmond, BC"
2492,"Atlanta, GA"
2493, Vegas
2494,DETROIT MOTOR CITY
2495,"Little Rock, AR"
2496,Louisiana to Atlanta
2498,"Texas, USA"